Product_ID,Product_Name,Year,Quarter,Sales_Amount,Units_Sold,Region,Marketing_Spend,Customer_Satisfaction,Return_Rate,Discount_Applied,Swarm_Behaviour
1,Product_D,2018,Q3,35958.01,311,South America,6484.54,4,9.73,19.11,1
2,Product_E,2018,Q4,4068.17,870,Asia,2953.69,5,0.05,14.09,0
3,Product_C,2018,Q1,4027.21,886,South America,3057.95,1,4.13,36.1,0
4,Product_E,2022,Q4,1099.37,978,South America,8922.88,5,1.0,43.09,0
5,Product_E,2018,Q3,47846.82,154,Asia,234.98,2,5.09,32.7,1
6,Product_B,2019,Q1,37006.66,390,Europe,3294.99,2,0.25,25.58,0
7,Product_C,2022,Q3,17985.94,260,Asia,5588.13,4,4.07,7.95,1
8,Product_C,2019,Q3,15178.51,620,Asia,1567.35,3,2.21,2.67,1
9,Product_C,2022,Q2,17810.31,883,Asia,1011.78,4,5.33,22.28,1
10,Product_E,2021,Q1,38845.35,797,Europe,8171.24,5,9.96,2.47,0
11,Product_D,2016,Q2,33237.85,571,North America,8954.6,1,8.01,28.47,0
12,Product_C,2015,Q1,9667.18,125,North America,8253.7,4,8.46,19.14,0
13,Product_E,2018,Q3,9118.41,354,South America,8998.0,3,6.35,37.86,1
14,Product_B,2021,Q3,5370.58,273,South America,5575.81,4,0.42,15.28,1
15,Product_D,2016,Q4,33184.98,619,Europe,8141.36,2,2.07,29.65,0
16,Product_B,2015,Q1,38336.45,811,Africa,3902.02,5,9.25,26.88,1
17,Product_D,2020,Q2,13619.8,245,North America,6696.05,5,3.66,0.24,0
18,Product_E,2017,Q4,1536.78,848,South America,9889.47,5,1.04,3.62,0
19,Product_A,2019,Q4,4567.5,450,North America,2334.7,5,7.02,14.52,0
20,Product_D,2020,Q4,48409.07,930,Europe,3960.01,5,2.99,44.11,0
21,Product_B,2022,Q2,15124.52,247,Europe,4852.47,5,2.69,7.35,0
22,Product_E,2015,Q4,38576.55,520,Africa,1466.35,1,9.98,35.54,0
23,Product_D,2020,Q2,31420.85,141,Africa,902.28,3,8.58,48.67,0
24,Product_A,2017,Q4,19406.01,362,Europe,8314.26,5,4.08,39.53,1
25,Product_A,2021,Q2,10681.52,8,South America,9770.26,3,9.8,12.15,0
26,Product_C,2015,Q3,6508.63,478,North America,4106.78,5,6.5,45.42,1
27,Product_C,2020,Q3,30943.14,352,Asia,967.73,4,7.42,4.66,1
28,Product_B,2019,Q3,38844.37,996,Africa,751.54,5,0.32,23.41,0
29,Product_D,2019,Q3,32373.26,495,Asia,8924.05,2,1.22,44.38,1
30,Product_D,2016,Q3,26749.96,606,South America,4691.76,1,6.33,32.06,1
31,Product_C,2020,Q4,2576.59,833,Africa,3268.27,4,8.99,20.68,1
32,Product_D,2018,Q4,48440.19,427,Asia,4816.97,4,6.24,14.64,0
33,Product_D,2020,Q4,40036.35,39,South America,3251.21,2,1.34,18.75,0
34,Product_A,2021,Q2,14994.69,593,North America,4941.45,5,1.16,25.45,0
35,Product_C,2015,Q2,49008.53,187,South America,8609.61,1,8.44,15.95,0
36,Product_E,2015,Q2,30293.14,596,Africa,5963.78,4,1.39,48.45,0
37,Product_C,2021,Q2,29329.92,600,Europe,6977.07,1,5.2,46.65,1
38,Product_E,2020,Q3,37529.62,754,North America,3710.24,4,0.37,43.53,1
39,Product_A,2021,Q3,40682.6,854,Asia,7411.21,5,0.81,21.09,0
40,Product_B,2017,Q3,32995.69,93,Africa,6699.51,4,6.72,34.57,1
41,Product_D,2022,Q1,6840.74,86,Europe,1283.66,4,6.89,45.14,1
42,Product_A,2021,Q4,17244.24,44,South America,5769.16,3,3.41,42.52,1
43,Product_D,2019,Q2,46440.14,137,Europe,2641.76,5,2.16,20.72,1
44,Product_B,2021,Q2,11618.47,421,Africa,8060.55,2,8.14,5.62,0
45,Product_B,2015,Q3,18922.27,74,Africa,4316.78,2,2.17,3.78,0
46,Product_A,2019,Q2,21887.81,548,Europe,9947.37,5,5.42,28.85,0
47,Product_B,2015,Q2,22250.55,613,South America,1015.75,2,9.68,32.13,1
48,Product_E,2016,Q4,30840.51,988,Europe,7825.44,5,1.48,42.49,1
49,Product_B,2018,Q3,47182.25,512,Africa,6769.65,2,9.41,14.63,0
50,Product_D,2015,Q4,12414.29,156,Africa,7698.24,3,1.83,8.37,0
51,Product_D,2019,Q1,6514.32,938,Asia,3144.54,2,5.67,18.95,1
52,Product_D,2016,Q1,10274.79,255,Asia,4971.34,4,3.77,17.68,0
53,Product_D,2015,Q1,44402.78,171,North America,7985.43,5,9.65,6.62,0
54,Product_E,2017,Q3,32467.64,981,Africa,2402.16,1,2.74,33.61,1
55,Product_C,2021,Q2,14652.39,728,Asia,2337.73,1,4.0,25.43,1
56,Product_A,2018,Q3,40889.37,170,Europe,5555.4,5,9.83,36.06,0
57,Product_D,2015,Q3,43137.81,764,South America,5283.28,3,5.36,17.63,1
58,Product_B,2016,Q2,42402.46,872,Europe,2894.4,2,5.03,16.29,0
59,Product_D,2017,Q4,45986.86,322,South America,3050.95,3,2.58,23.63,1
60,Product_B,2020,Q1,12985.93,567,Asia,2850.67,1,7.01,43.87,1
61,Product_B,2016,Q4,37874.58,456,North America,7737.97,5,0.14,2.01,0
62,Product_D,2021,Q1,23296.71,944,Europe,6553.82,5,0.5,40.24,1
63,Product_E,2016,Q3,42178.93,603,Europe,8340.93,3,5.99,18.45,0
64,Product_B,2017,Q1,36560.29,790,Europe,9757.18,3,3.42,42.73,1
65,Product_B,2016,Q3,38934.15,613,South America,4794.23,2,9.53,40.11,0
66,Product_D,2017,Q4,32980.01,155,Asia,760.27,4,9.03,17.44,1
67,Product_B,2015,Q3,9282.72,889,Europe,576.11,4,7.14,34.69,1
68,Product_B,2022,Q4,27478.83,349,Europe,3027.08,2,8.18,7.98,0
69,Product_D,2017,Q2,49241.15,451,North America,9332.19,4,6.67,44.81,1
70,Product_D,2017,Q2,46900.71,876,North America,5279.81,1,1.26,20.22,0
71,Product_A,2018,Q2,2637.1,653,Asia,2790.69,4,7.66,22.78,1
72,Product_E,2017,Q3,8658.33,173,Asia,4051.75,2,2.1,35.29,1
73,Product_E,2017,Q2,7020.57,10,Africa,6026.09,4,3.23,41.04,0
74,Product_B,2020,Q1,36436.01,740,North America,6564.2,5,8.19,11.82,1
75,Product_E,2022,Q4,40980.37,265,Africa,1623.8,3,5.37,33.07,1
76,Product_B,2015,Q4,11068.81,438,South America,9772.61,1,8.6,19.6,0
77,Product_A,2021,Q1,25539.71,760,Africa,5493.25,5,2.13,18.44,1
78,Product_D,2018,Q3,42114.8,247,Europe,1443.31,5,6.08,34.5,0
79,Product_D,2020,Q3,36773.68,667,Africa,8946.99,2,0.84,19.36,0
80,Product_D,2019,Q4,27340.74,546,Asia,838.92,3,6.43,17.31,0
81,Product_E,2022,Q2,29722.21,499,South America,9086.58,3,7.63,41.79,1
82,Product_A,2015,Q3,25663.85,129,Europe,9966.0,1,5.85,5.06,1
83,Product_E,2015,Q3,15228.65,672,Africa,7034.27,2,2.66,33.79,0
84,Product_E,2019,Q1,28468.59,601,South America,7727.43,1,0.31,12.44,1
85,Product_A,2021,Q1,34599.82,605,South America,3439.3,4,1.19,0.77,0
86,Product_A,2017,Q2,43729.48,327,Europe,9421.61,5,6.22,8.34,1
87,Product_A,2020,Q3,31996.42,753,Africa,5344.17,1,9.34,30.33,0
88,Product_A,2016,Q3,38175.52,835,South America,7350.65,5,2.07,35.46,0
89,Product_D,2018,Q1,8423.55,980,South America,9248.67,2,7.35,1.05,1
90,Product_C,2016,Q3,23347.09,404,North America,9754.28,4,8.66,1.82,0
91,Product_C,2019,Q4,961.92,629,South America,8348.72,2,5.21,45.13,0
92,Product_A,2015,Q1,12710.6,606,North America,3099.87,4,6.69,3.67,1
93,Product_C,2021,Q2,36459.85,675,Africa,9668.82,4,8.15,44.71,0
94,Product_C,2015,Q1,49594.59,611,Africa,6318.38,5,2.61,11.41,0
95,Product_A,2018,Q3,5409.32,625,Africa,9313.36,2,2.97,37.0,1
96,Product_C,2015,Q2,20373.97,359,Asia,6793.44,2,0.01,15.49,0
97,Product_E,2015,Q1,40103.51,603,Africa,3141.67,1,9.63,42.94,0
98,Product_B,2018,Q4,10599.76,858,South America,3763.24,2,9.18,35.02,0
99,Product_B,2020,Q4,27976.7,718,Europe,5549.67,1,7.65,20.09,0
100,Product_A,2020,Q1,36787.03,17,North America,7921.15,3,0.79,3.82,0
101,Product_D,2018,Q4,30991.28,274,Asia,3248.03,3,4.48,36.64,0
102,Product_A,2021,Q4,9807.22,685,Africa,5839.34,3,1.02,30.84,0
103,Product_D,2019,Q4,18091.54,116,Africa,3521.69,2,0.16,0.15,0
104,Product_B,2022,Q2,39297.69,861,Europe,8176.12,2,6.16,0.47,1
105,Product_A,2015,Q4,27934.21,980,Europe,4720.61,1,9.61,40.44,0
106,Product_E,2021,Q4,758.87,693,Asia,859.56,4,9.03,12.97,0
107,Product_C,2015,Q4,38169.04,91,North America,1743.92,1,6.97,31.81,1
108,Product_D,2022,Q2,2247.91,82,Africa,704.94,3,0.97,22.71,0
109,Product_C,2019,Q1,37413.82,324,Asia,5043.1,1,2.74,43.17,0
110,Product_C,2020,Q3,10522.79,961,South America,1152.74,4,3.2,45.85,0
111,Product_A,2021,Q4,47924.64,114,South America,1229.99,2,7.63,49.84,0
112,Product_C,2017,Q1,18713.07,769,Asia,9416.38,1,8.02,7.68,0
113,Product_E,2017,Q4,16683.12,58,Africa,8739.29,3,3.85,43.15,0
114,Product_C,2022,Q2,7869.96,154,Asia,4575.66,3,4.18,13.3,1
115,Product_A,2017,Q1,15627.41,877,Africa,9859.47,2,0.45,29.54,1
116,Product_E,2020,Q2,43894.21,404,Europe,101.85,1,2.89,25.29,1
117,Product_B,2022,Q4,49818.55,628,Asia,6178.4,4,4.51,0.9,1
118,Product_C,2020,Q4,18731.32,855,Africa,6202.64,2,1.17,46.64,1
119,Product_A,2019,Q2,22706.23,266,Asia,4628.69,1,4.53,3.92,0
120,Product_B,2015,Q3,36242.51,315,Asia,4029.78,5,8.53,34.41,0
121,Product_B,2019,Q2,44366.69,715,Africa,4608.29,3,5.81,39.25,0
122,Product_D,2019,Q4,29855.69,41,Africa,4208.11,4,0.79,39.76,0
123,Product_E,2020,Q2,19880.52,105,North America,7331.88,4,1.92,6.77,0
124,Product_C,2022,Q3,20924.78,901,Asia,1440.02,4,4.75,22.38,1
125,Product_A,2022,Q2,34933.1,890,South America,2056.63,3,3.61,41.47,1
126,Product_D,2017,Q3,659.3,193,Asia,1887.13,1,3.59,15.13,0
127,Product_E,2016,Q3,31169.67,401,Asia,2698.46,2,5.29,23.39,0
128,Product_D,2015,Q2,18096.9,278,Africa,5300.06,1,5.84,13.64,0
129,Product_E,2020,Q2,39812.77,354,Asia,1200.97,2,7.97,23.18,1
130,Product_E,2017,Q1,5103.04,749,Asia,8694.88,4,3.41,44.39,1
131,Product_C,2021,Q4,29616.01,937,South America,3043.88,1,8.05,22.76,0
132,Product_E,2016,Q3,24308.16,733,Africa,1709.13,4,3.39,27.8,1
133,Product_D,2016,Q1,32295.11,580,Asia,6788.65,5,0.55,20.2,0
134,Product_E,2020,Q2,3710.25,709,Europe,477.05,4,5.54,23.01,1
135,Product_C,2018,Q4,29209.2,256,North America,6237.69,4,5.88,0.76,1
136,Product_C,2015,Q1,28293.49,651,South America,7012.16,2,9.35,14.19,0
137,Product_D,2016,Q3,28252.67,824,Asia,2227.67,5,7.26,21.83,1
138,Product_B,2020,Q1,30372.64,947,Europe,515.44,4,9.18,31.69,1
139,Product_B,2020,Q3,33985.16,661,Asia,3700.09,4,9.08,22.5,0
140,Product_E,2017,Q2,40346.96,99,Asia,1076.08,5,6.05,16.89,1
141,Product_A,2021,Q4,13856.13,588,Africa,1253.13,5,5.28,19.4,0
142,Product_E,2018,Q4,41339.95,282,Africa,2617.19,1,5.57,12.11,1
143,Product_D,2015,Q4,25163.66,883,Africa,3025.13,2,9.78,46.22,0
144,Product_D,2022,Q2,4314.38,403,Europe,5346.71,5,7.73,26.09,0
145,Product_D,2019,Q3,3398.27,109,Asia,6816.08,5,1.06,0.67,1
146,Product_D,2021,Q2,17044.8,700,North America,5968.43,3,7.78,0.97,1
147,Product_D,2021,Q4,39352.4,199,South America,1568.77,5,1.71,48.65,0
148,Product_C,2017,Q2,35530.21,303,Africa,1803.65,2,4.47,11.07,1
149,Product_B,2022,Q2,39536.44,327,Africa,8799.82,4,2.1,40.28,1
150,Product_D,2016,Q2,26104.82,154,Asia,5627.69,4,6.9,2.91,1
151,Product_A,2016,Q3,22289.85,552,Asia,8712.38,4,8.77,46.06,0
152,Product_A,2017,Q1,7798.9,645,Europe,3778.31,4,2.9,43.72,0
153,Product_A,2020,Q1,16745.54,405,Europe,6182.56,3,0.82,28.55,0
154,Product_A,2016,Q2,21983.96,462,Africa,5284.27,5,2.98,0.45,1
155,Product_C,2018,Q1,4885.72,132,Asia,3259.32,4,6.72,12.89,1
156,Product_A,2015,Q1,11420.29,791,North America,4752.16,1,3.29,20.34,0
157,Product_D,2021,Q2,30112.15,874,South America,5074.66,4,2.78,23.0,0
158,Product_E,2021,Q2,36915.32,84,Asia,2087.63,5,1.84,14.88,1
159,Product_A,2018,Q4,49918.2,399,Asia,3218.6,4,4.98,1.65,1
160,Product_C,2022,Q1,46689.11,754,Europe,7934.96,3,2.76,29.51,1
161,Product_C,2016,Q3,32306.98,628,South America,9166.3,2,7.31,26.21,1
162,Product_A,2021,Q2,21351.78,109,Africa,3661.96,2,0.77,14.15,0
163,Product_E,2019,Q4,31990.78,221,Asia,3139.03,5,6.64,1.9,1
164,Product_A,2022,Q3,39389.76,904,Africa,2032.45,2,2.38,49.73,1
165,Product_C,2015,Q1,6357.64,553,Asia,6817.06,2,4.89,24.1,0
166,Product_B,2015,Q4,20790.29,368,Africa,3298.69,1,2.86,37.8,0
167,Product_D,2021,Q2,42070.21,147,South America,9878.72,5,7.23,22.62,1
168,Product_C,2017,Q3,19499.73,112,Europe,3324.28,5,9.45,2.16,0
169,Product_A,2022,Q2,28807.68,615,South America,4001.95,2,9.17,15.48,1
170,Product_D,2021,Q1,29594.58,558,North America,6073.01,2,5.83,16.01,1
171,Product_A,2017,Q3,9631.57,924,Europe,8036.67,2,4.63,41.92,0
172,Product_A,2021,Q1,18430.65,494,South America,4748.23,3,8.18,32.71,0
173,Product_B,2019,Q1,17058.31,505,North America,4284.29,4,6.83,13.77,1
174,Product_D,2022,Q4,1796.74,475,Asia,9956.81,3,1.84,48.39,0
175,Product_D,2020,Q2,1697.49,836,Asia,203.89,5,8.21,16.08,1
176,Product_B,2015,Q3,41669.0,890,Africa,8961.15,1,4.29,49.91,1
177,Product_C,2021,Q1,14017.01,271,Europe,1576.49,4,1.89,49.81,1
178,Product_A,2019,Q1,26144.9,995,Asia,7880.66,1,2.82,9.56,0
179,Product_E,2017,Q3,15286.92,421,Europe,6217.52,5,2.68,15.64,1
180,Product_A,2017,Q1,47063.62,897,Asia,3484.29,5,5.19,24.3,1
181,Product_A,2015,Q4,13335.19,707,Africa,8751.36,1,2.34,33.21,1
182,Product_C,2018,Q4,21768.01,367,South America,227.78,1,1.24,26.4,0
183,Product_A,2021,Q4,43700.15,280,Africa,2344.24,1,1.24,48.47,1
184,Product_B,2022,Q4,42175.71,283,North America,5712.24,5,5.83,36.2,1
185,Product_B,2016,Q1,9712.02,40,Asia,3580.27,2,7.35,10.6,1
186,Product_D,2017,Q3,40230.84,959,North America,6142.74,1,3.22,5.25,0
187,Product_E,2022,Q3,23180.25,189,North America,338.69,4,0.35,34.42,1
188,Product_A,2022,Q3,24406.96,164,Europe,1252.94,5,1.27,7.92,1
189,Product_A,2020,Q3,7107.26,994,Asia,1358.25,3,9.15,39.38,0
190,Product_C,2022,Q2,4489.77,989,North America,1973.91,3,4.94,15.55,0
191,Product_B,2022,Q3,36533.0,536,South America,4647.38,4,4.54,16.34,1
192,Product_E,2020,Q2,25074.83,536,North America,7546.07,2,0.38,0.54,1
193,Product_D,2017,Q2,22124.11,4,South America,9064.83,1,7.29,35.05,1
194,Product_B,2022,Q4,36610.66,835,Europe,8370.19,5,5.28,5.66,0
195,Product_D,2018,Q2,38392.89,290,North America,2049.19,1,2.02,38.64,0
196,Product_C,2018,Q1,8365.95,953,Africa,4467.39,5,1.1,24.59,1
197,Product_C,2019,Q2,30706.14,433,Europe,2074.17,3,3.83,39.21,0
198,Product_A,2020,Q4,7200.03,471,South America,2718.27,1,8.37,29.2,1
199,Product_E,2019,Q2,37693.07,181,Europe,5085.12,4,8.65,4.12,1
200,Product_D,2020,Q1,33019.28,248,North America,774.28,2,6.03,38.28,0
201,Product_B,2021,Q1,47852.42,628,Asia,2259.93,4,7.28,3.49,1
202,Product_C,2021,Q1,3913.42,279,Asia,9360.24,2,1.15,23.94,0
203,Product_A,2022,Q4,3324.21,877,South America,4714.55,1,5.88,8.62,0
204,Product_A,2016,Q4,14468.26,581,South America,4509.33,1,6.67,37.62,1
205,Product_D,2021,Q3,13454.43,863,Asia,244.21,2,2.01,45.58,0
206,Product_C,2016,Q4,12725.45,254,South America,2549.26,3,8.8,27.71,1
207,Product_E,2021,Q1,45359.6,181,Europe,8676.3,5,1.95,26.36,0
208,Product_C,2015,Q1,12852.54,830,Africa,1729.82,4,3.13,38.2,1
209,Product_D,2021,Q4,13961.51,681,Africa,4209.74,4,6.21,0.25,1
210,Product_D,2019,Q2,38090.21,825,Europe,241.88,4,6.38,45.89,1
211,Product_C,2017,Q4,22762.12,509,Africa,4835.52,1,6.99,9.87,0
212,Product_D,2022,Q4,38947.17,761,North America,308.11,4,1.12,49.21,1
213,Product_C,2019,Q1,3735.62,700,Europe,8214.13,5,8.49,36.81,0
214,Product_B,2017,Q3,24634.77,566,South America,8266.05,5,5.33,38.71,0
215,Product_C,2018,Q1,2163.87,326,Europe,7898.65,2,4.71,32.81,0
216,Product_C,2019,Q3,3601.33,357,Asia,2905.3,1,9.81,23.58,0
217,Product_D,2018,Q1,45368.65,825,South America,8388.65,5,7.4,28.58,0
218,Product_D,2016,Q4,7392.65,650,Asia,5475.68,3,1.18,2.32,1
219,Product_A,2016,Q1,26854.82,680,South America,3800.7,1,7.57,31.2,0
220,Product_A,2015,Q1,20849.23,391,Africa,6290.77,1,0.95,31.3,1
221,Product_B,2021,Q1,17693.49,615,Europe,222.18,5,0.27,44.56,1
222,Product_A,2019,Q4,45041.75,934,North America,1515.31,3,4.04,25.28,0
223,Product_C,2018,Q4,1580.26,85,South America,7448.71,2,9.94,3.86,1
224,Product_D,2017,Q4,33357.59,317,South America,2517.2,5,1.75,15.31,1
225,Product_A,2016,Q4,48188.02,212,Asia,6020.29,3,6.73,32.78,0
226,Product_A,2021,Q3,28228.33,515,Africa,3912.52,1,1.73,11.96,1
227,Product_B,2016,Q3,46872.71,384,Asia,8562.58,3,7.25,14.03,0
228,Product_B,2017,Q2,3086.77,691,Asia,9528.91,1,5.05,41.02,0
229,Product_C,2021,Q4,21230.27,342,Africa,8847.29,5,6.8,29.22,0
230,Product_D,2021,Q3,13377.81,815,North America,2779.14,5,2.03,25.43,1
231,Product_B,2018,Q1,36675.64,964,Asia,2022.21,4,7.46,15.92,1
232,Product_A,2018,Q4,49074.21,988,Asia,4796.91,4,9.96,36.55,1
233,Product_D,2019,Q2,13198.24,844,South America,172.61,4,6.66,14.39,1
234,Product_D,2019,Q2,32881.64,38,Africa,355.51,5,4.93,36.85,0
235,Product_A,2020,Q2,10305.83,511,Europe,5577.58,2,9.23,3.51,0
236,Product_B,2022,Q1,28483.85,420,North America,5252.45,5,0.16,43.23,1
237,Product_A,2020,Q3,23464.66,751,North America,9946.36,3,7.3,24.98,0
238,Product_D,2015,Q1,48614.26,169,Africa,2098.23,5,8.89,21.93,1
239,Product_E,2016,Q4,30622.1,965,South America,2655.23,5,0.62,30.55,0
240,Product_E,2019,Q2,17800.57,909,South America,1224.05,1,4.5,31.21,0
241,Product_C,2018,Q1,6147.74,343,Africa,9183.68,1,2.05,6.6,0
242,Product_A,2017,Q1,7986.72,826,South America,7800.33,1,5.67,37.81,0
243,Product_A,2018,Q3,11653.19,306,North America,8241.16,5,6.5,13.8,0
244,Product_C,2016,Q3,12922.85,542,North America,9037.36,2,3.03,45.25,1
245,Product_C,2020,Q2,42605.49,702,Europe,5296.51,3,4.6,40.89,1
246,Product_C,2018,Q1,28280.53,869,Africa,4566.81,3,2.79,17.31,0
247,Product_D,2022,Q1,26407.85,537,Asia,3370.88,2,3.69,40.39,1
248,Product_A,2015,Q3,6181.06,112,Asia,5933.22,2,1.6,17.82,0
249,Product_D,2016,Q1,43076.91,411,Europe,4597.36,3,8.86,5.05,0
250,Product_C,2020,Q1,36279.31,947,Europe,4570.5,4,0.1,48.09,0
251,Product_A,2022,Q1,3849.58,206,South America,9375.59,1,8.82,32.63,0
252,Product_D,2017,Q3,35537.84,185,Europe,9841.91,1,5.72,22.8,1
253,Product_D,2020,Q2,27405.14,382,Europe,7985.2,3,3.32,19.89,0
254,Product_C,2021,Q4,4545.4,496,Asia,7591.91,2,7.23,16.24,1
255,Product_A,2022,Q2,23185.88,379,South America,6837.53,4,5.08,49.07,0
256,Product_C,2022,Q4,24492.47,47,Europe,1744.14,3,4.99,6.74,0
257,Product_A,2015,Q1,8705.84,886,Europe,685.15,1,1.1,15.74,1
258,Product_E,2016,Q2,47312.06,740,South America,6938.19,5,3.9,24.27,0
259,Product_B,2017,Q4,42573.78,551,Africa,7314.98,2,2.41,23.9,0
260,Product_B,2015,Q3,33616.61,528,South America,565.03,5,0.16,23.57,1
261,Product_B,2020,Q3,23383.63,504,Asia,9287.71,3,3.6,8.79,1
262,Product_C,2015,Q2,20882.39,22,Africa,1002.29,1,0.9,7.25,1
263,Product_E,2022,Q2,32723.19,213,North America,2930.42,4,2.57,12.74,0
264,Product_A,2016,Q1,27498.88,310,South America,6756.66,5,0.93,45.73,0
265,Product_D,2019,Q2,3582.52,661,Asia,1781.74,4,1.01,5.65,1
266,Product_A,2015,Q1,25868.88,968,Africa,648.62,1,1.99,37.87,1
267,Product_D,2021,Q1,40416.98,753,South America,3378.35,5,10.0,37.88,0
268,Product_A,2015,Q3,23232.37,272,Europe,7683.12,4,0.02,40.49,0
269,Product_E,2020,Q3,3071.85,571,South America,4195.42,4,6.39,44.33,1
270,Product_D,2020,Q4,39420.77,799,North America,6564.43,5,1.41,13.15,1
271,Product_C,2017,Q3,10467.51,938,South America,5838.23,1,9.21,11.23,1
272,Product_A,2020,Q3,13301.73,202,Africa,319.96,4,0.94,23.28,1
273,Product_A,2018,Q2,8652.96,32,Africa,9886.55,3,9.55,13.25,0
274,Product_D,2016,Q3,16845.65,443,South America,510.14,5,6.11,36.72,0
275,Product_C,2016,Q4,37959.2,162,Africa,9681.25,2,0.01,31.8,0
276,Product_C,2019,Q2,26209.6,767,Europe,5543.66,2,8.94,43.75,0
277,Product_E,2019,Q4,10641.62,254,South America,9635.27,1,5.22,4.14,1
278,Product_C,2016,Q3,43952.59,521,Europe,1236.06,3,2.63,45.75,0
279,Product_C,2021,Q4,44039.3,977,Europe,4955.04,4,7.67,14.67,1
280,Product_C,2019,Q2,43593.63,651,Asia,1778.09,2,9.27,24.53,0
281,Product_B,2017,Q1,12320.41,480,South America,604.65,1,4.84,21.93,0
282,Product_E,2020,Q4,22836.35,10,Africa,6213.54,3,3.16,38.02,0
283,Product_A,2016,Q4,49256.99,726,Europe,2157.06,3,7.89,21.02,1
284,Product_D,2022,Q2,38714.62,505,Asia,5918.2,1,6.82,47.18,0
285,Product_A,2019,Q2,1844.79,785,South America,1212.41,1,8.89,45.13,1
286,Product_E,2016,Q4,3727.63,836,South America,3386.67,4,6.93,43.61,1
287,Product_D,2018,Q3,23464.6,560,North America,7838.16,1,2.44,3.56,0
288,Product_E,2015,Q4,45506.4,436,North America,4426.81,4,9.32,42.71,1
289,Product_C,2020,Q2,27165.74,111,Europe,6314.68,4,1.05,39.08,0
290,Product_D,2016,Q1,25141.72,153,North America,6509.83,5,2.68,5.18,1
291,Product_C,2015,Q1,5720.95,635,Europe,8453.17,3,5.2,5.37,0
292,Product_A,2019,Q3,33010.62,917,Africa,3316.74,3,5.66,5.06,1
293,Product_A,2015,Q4,41194.11,869,Europe,6904.23,3,0.15,0.57,1
294,Product_D,2020,Q1,19330.79,102,North America,9620.0,5,7.81,27.43,0
295,Product_D,2016,Q4,38892.79,753,Africa,7329.41,4,3.62,48.67,0
296,Product_E,2018,Q2,48241.59,833,North America,4949.72,4,4.06,21.93,0
297,Product_E,2021,Q1,10586.44,191,Europe,6344.1,1,8.09,27.04,0
298,Product_C,2019,Q3,26404.82,729,Asia,7422.86,5,3.79,48.4,1
299,Product_D,2016,Q2,14713.33,563,South America,6161.53,1,0.47,12.76,1
300,Product_A,2020,Q3,39746.29,804,North America,265.09,5,1.76,42.92,1
301,Product_E,2019,Q2,29090.87,81,Europe,2028.26,1,9.56,27.32,1
302,Product_E,2017,Q1,31911.83,489,Africa,8123.64,2,0.7,28.47,0
303,Product_A,2015,Q3,39996.75,895,North America,2799.24,3,3.55,17.16,1
304,Product_E,2021,Q3,20100.54,88,North America,7342.46,3,5.03,28.08,0
305,Product_C,2020,Q2,45796.96,194,South America,3783.99,4,4.93,3.66,1
306,Product_D,2017,Q3,26884.93,104,Europe,5266.65,2,0.04,38.23,0
307,Product_A,2022,Q2,8318.76,783,Asia,772.94,3,5.01,14.23,0
308,Product_D,2016,Q2,34947.01,96,Africa,1894.13,4,3.84,44.38,0
309,Product_E,2018,Q2,39766.44,423,Europe,9576.25,2,9.72,18.39,0
310,Product_E,2019,Q2,16179.7,891,Africa,8912.37,3,1.59,7.14,0
311,Product_A,2015,Q1,42930.37,198,North America,6557.52,1,3.54,34.79,1
312,Product_C,2019,Q2,45354.09,1,South America,4650.48,5,4.19,8.23,0
313,Product_B,2021,Q4,14206.77,407,South America,6790.04,2,3.91,37.68,1
314,Product_A,2016,Q3,49184.31,378,Asia,6224.24,4,6.66,48.41,1
315,Product_B,2019,Q4,7465.22,167,South America,5728.67,2,2.16,38.98,0
316,Product_B,2015,Q1,10499.78,509,North America,685.85,4,2.21,1.12,1
317,Product_C,2016,Q4,9619.13,638,Asia,6364.75,2,7.29,29.99,1
318,Product_B,2019,Q3,44752.49,313,Europe,7712.31,4,5.0,34.77,1
319,Product_B,2018,Q4,32887.48,593,South America,9941.41,3,4.15,41.27,0
320,Product_C,2020,Q1,8029.16,418,Asia,209.68,1,1.69,2.8,0
321,Product_B,2016,Q2,22296.01,763,North America,7328.72,3,1.88,24.01,0
322,Product_B,2020,Q4,30957.25,681,Africa,5760.71,1,0.11,26.77,0
323,Product_B,2022,Q1,4631.47,477,Africa,4397.12,3,0.91,8.46,1
324,Product_A,2016,Q1,44179.61,73,North America,1362.94,3,5.57,16.12,1
325,Product_A,2018,Q3,40278.38,141,North America,4149.94,2,8.92,22.01,1
326,Product_A,2020,Q3,25507.74,582,Africa,3608.33,5,2.87,41.66,1
327,Product_C,2017,Q4,48372.77,262,Asia,3098.02,4,3.28,46.47,1
328,Product_E,2015,Q2,21179.17,340,Africa,7335.71,4,1.16,31.42,1
329,Product_B,2017,Q1,49213.46,308,North America,7037.18,4,3.89,19.75,0
330,Product_B,2019,Q4,33562.04,245,South America,5931.3,1,0.37,12.7,1
331,Product_C,2018,Q1,31916.23,515,Europe,9392.78,4,9.18,49.11,1
332,Product_B,2017,Q1,8714.77,337,South America,3563.56,4,6.73,49.15,1
333,Product_A,2016,Q2,44155.42,575,South America,2513.64,2,9.91,46.25,0
334,Product_E,2019,Q2,21660.74,561,North America,6593.44,3,8.83,39.28,1
335,Product_D,2019,Q4,8530.55,76,Africa,2068.26,4,4.73,16.29,1
336,Product_B,2017,Q2,1124.07,880,Asia,3218.6,5,5.2,40.85,0
337,Product_A,2022,Q2,28207.91,175,South America,2323.56,4,1.91,20.44,1
338,Product_D,2017,Q4,26606.28,109,Africa,784.62,1,4.62,16.34,0
339,Product_E,2022,Q2,36108.0,183,Asia,8292.24,1,9.03,37.24,0
340,Product_D,2018,Q3,44567.77,192,South America,2619.95,1,0.51,3.98,1
341,Product_A,2015,Q1,4430.63,65,Asia,4782.97,4,8.64,2.43,1
342,Product_D,2017,Q1,36709.08,849,Africa,528.82,2,3.41,22.4,0
343,Product_C,2021,Q1,9776.89,963,Europe,7023.46,5,9.0,22.28,1
344,Product_D,2022,Q1,42979.76,474,Africa,3372.55,4,9.41,44.78,1
345,Product_B,2017,Q4,41043.64,783,North America,7472.89,2,6.71,6.31,0
346,Product_B,2020,Q1,27269.29,100,Asia,4182.79,2,6.64,6.16,0
347,Product_C,2016,Q1,35657.02,544,Europe,2037.98,4,4.53,7.37,1
348,Product_A,2021,Q1,16060.33,864,Asia,5180.43,4,8.36,1.49,0
349,Product_B,2021,Q1,23822.81,128,Asia,1392.0,2,9.62,3.59,1
350,Product_E,2022,Q3,41171.03,452,South America,4461.34,2,7.75,32.99,1
351,Product_B,2020,Q1,23233.63,914,North America,3241.32,2,6.22,21.58,1
352,Product_B,2020,Q3,18211.01,369,Asia,9128.4,4,6.07,38.18,1
353,Product_A,2019,Q4,24963.52,851,Africa,703.19,2,8.49,49.63,0
354,Product_D,2022,Q2,41498.34,43,Africa,6970.77,1,5.41,32.95,1
355,Product_B,2015,Q1,17092.8,884,South America,1909.24,4,8.04,2.52,0
356,Product_C,2016,Q2,9101.2,419,North America,3258.55,1,5.09,5.23,1
357,Product_D,2018,Q2,35744.69,488,North America,4213.59,3,0.62,44.05,1
358,Product_E,2021,Q4,41385.92,78,Africa,9089.35,4,3.84,26.37,0
359,Product_A,2018,Q2,5481.56,826,Europe,2501.52,3,4.44,41.24,1
360,Product_E,2017,Q3,12373.77,801,South America,1003.96,2,1.42,42.83,0
361,Product_D,2017,Q2,7527.61,270,South America,3255.03,2,1.02,46.38,0
362,Product_D,2018,Q2,17723.1,674,Africa,1136.29,5,5.35,47.49,1
363,Product_D,2017,Q2,22792.37,701,Africa,1373.11,2,0.85,27.74,1
364,Product_E,2015,Q1,37566.9,759,Europe,5781.12,3,3.03,17.05,1
365,Product_D,2020,Q1,32731.81,900,Europe,702.93,2,7.45,48.09,1
366,Product_E,2017,Q3,31235.96,728,North America,406.22,4,9.64,27.37,0
367,Product_D,2019,Q3,17942.56,315,South America,7172.7,2,7.18,3.21,1
368,Product_C,2017,Q1,42151.65,925,South America,3680.31,5,9.93,32.14,1
369,Product_D,2016,Q3,23828.71,851,Africa,1341.22,2,6.98,29.38,1
370,Product_E,2015,Q1,48965.69,902,North America,2610.77,3,2.94,44.79,1
371,Product_B,2016,Q4,31890.04,889,South America,6456.66,3,6.72,32.66,1
372,Product_D,2016,Q2,6750.1,993,North America,2827.81,2,7.02,17.45,0
373,Product_B,2019,Q2,33970.79,945,North America,4995.76,3,3.72,48.31,1
374,Product_C,2015,Q3,16592.65,168,Africa,1304.78,3,0.18,40.08,0
375,Product_A,2015,Q1,34473.2,339,North America,5922.13,5,7.03,31.52,1
376,Product_C,2022,Q1,3947.24,193,Europe,3229.17,4,0.22,14.65,1
377,Product_D,2015,Q3,9156.63,453,Europe,6306.99,5,6.31,18.68,1
378,Product_B,2015,Q1,42858.99,283,Asia,8103.11,1,1.64,33.5,0
379,Product_B,2015,Q4,11745.39,336,Africa,6155.3,5,5.66,3.6,1
380,Product_E,2019,Q2,41933.54,390,Asia,3027.9,2,5.04,12.83,0
381,Product_B,2017,Q3,14324.17,525,Europe,2631.86,4,0.14,35.7,0
382,Product_E,2022,Q3,32322.65,240,Asia,3341.47,2,3.63,24.0,1
383,Product_A,2016,Q1,34860.45,832,Africa,1729.74,1,6.01,20.12,0
384,Product_D,2015,Q3,25876.41,958,Africa,1893.6,4,8.49,7.57,1
385,Product_E,2021,Q4,15612.88,483,North America,7927.84,3,8.89,22.09,1
386,Product_A,2017,Q1,11025.9,659,South America,3908.85,5,4.84,38.53,0
387,Product_B,2017,Q1,2142.87,716,North America,4416.35,2,7.28,13.2,1
388,Product_B,2016,Q1,15545.35,592,Africa,5981.09,1,3.16,0.27,1
389,Product_A,2019,Q1,32831.56,891,Europe,5937.57,3,3.42,33.43,0
390,Product_B,2018,Q4,46946.09,555,Europe,767.03,5,1.94,48.63,0
391,Product_A,2018,Q1,43624.62,458,North America,8332.25,3,5.62,30.34,0
392,Product_E,2017,Q3,38420.21,89,Africa,1855.53,5,3.15,6.0,0
393,Product_E,2020,Q4,39528.14,660,Europe,7258.41,4,0.84,16.04,0
394,Product_A,2020,Q2,33416.75,95,Africa,7749.44,3,6.85,43.38,0
395,Product_E,2016,Q2,13384.2,452,Europe,7177.51,3,7.08,11.63,1
396,Product_E,2018,Q3,45406.15,428,Africa,5831.88,3,3.6,30.38,0
397,Product_E,2017,Q3,33701.25,151,Asia,244.63,4,0.77,20.13,0
398,Product_C,2019,Q4,28241.81,514,Africa,3667.72,1,4.26,10.39,1
399,Product_D,2018,Q2,5993.98,376,Africa,6087.91,5,4.42,40.67,1
400,Product_B,2017,Q2,22629.25,22,North America,3935.77,3,6.69,37.14,0
401,Product_C,2017,Q2,23287.73,883,Asia,8648.45,4,3.15,33.08,0
402,Product_E,2015,Q2,43295.9,313,South America,3157.14,1,6.83,11.82,1
403,Product_A,2019,Q2,27559.09,997,North America,3005.99,5,8.71,4.89,0
404,Product_E,2015,Q1,19329.83,840,South America,2733.38,4,2.37,28.81,0
405,Product_D,2016,Q3,48851.62,519,Europe,3394.53,5,9.79,27.68,1
406,Product_E,2015,Q1,5980.67,206,South America,5618.31,3,3.86,9.42,0
407,Product_A,2021,Q2,21416.15,952,Africa,7099.45,1,2.67,2.81,1
408,Product_D,2015,Q4,2580.22,375,South America,6659.42,4,4.22,4.04,0
409,Product_E,2021,Q4,37125.25,451,North America,8096.41,1,0.94,49.64,1
410,Product_D,2018,Q2,45944.79,626,North America,8870.55,3,1.26,39.18,1
411,Product_B,2020,Q2,14361.85,784,South America,8179.18,1,4.14,46.1,1
412,Product_B,2022,Q4,42987.91,595,North America,287.56,1,7.62,9.75,0
413,Product_E,2022,Q1,14964.8,179,North America,7385.59,2,9.0,48.03,1
414,Product_D,2017,Q1,45583.12,210,South America,2163.16,1,6.65,7.13,0
415,Product_A,2022,Q2,37821.11,500,Asia,1415.99,5,1.05,25.45,1
416,Product_E,2021,Q1,40342.89,464,Asia,6421.04,4,6.72,41.48,1
417,Product_B,2019,Q4,1391.32,840,Europe,3265.46,2,6.35,17.49,1
418,Product_B,2015,Q1,48159.11,124,North America,665.46,4,8.06,21.24,0
419,Product_E,2021,Q2,36470.21,993,South America,1462.53,4,8.25,6.41,0
420,Product_D,2019,Q4,15585.18,113,North America,109.2,3,8.68,6.15,1
421,Product_B,2020,Q1,41555.04,12,Africa,9041.91,3,4.14,30.98,0
422,Product_D,2022,Q3,14435.3,126,North America,343.72,2,6.98,33.78,0
423,Product_B,2020,Q4,43701.32,565,North America,2173.61,3,2.68,38.87,0
424,Product_B,2022,Q4,6072.73,331,Asia,4221.0,3,9.99,27.83,1
425,Product_C,2015,Q3,35332.46,901,South America,3630.06,3,1.75,32.29,0
426,Product_B,2016,Q3,27264.57,283,North America,9126.09,4,0.1,0.68,1
427,Product_A,2015,Q4,5278.46,140,Asia,498.86,2,1.49,8.11,1
428,Product_E,2018,Q3,12473.74,401,Europe,5170.93,4,7.76,49.25,1
429,Product_E,2021,Q2,1114.0,902,Asia,6836.75,5,4.47,3.8,0
430,Product_D,2017,Q2,23704.01,97,Asia,9323.81,4,4.48,33.94,1
431,Product_B,2016,Q2,15412.63,517,Asia,6241.68,5,9.55,8.8,0
432,Product_A,2015,Q4,30118.7,569,North America,8057.18,1,9.2,35.84,0
433,Product_D,2019,Q3,15213.27,924,North America,928.88,1,3.11,35.3,1
434,Product_C,2016,Q3,15346.0,846,Europe,3920.8,5,2.09,11.71,1
435,Product_D,2021,Q1,37288.06,69,Africa,3802.08,5,8.48,13.48,1
436,Product_D,2022,Q1,2883.07,118,Africa,8874.25,4,9.06,32.74,0
437,Product_B,2016,Q3,45193.3,888,Africa,1598.57,5,5.42,19.5,0
438,Product_C,2022,Q3,42687.06,59,Europe,1603.67,2,6.29,9.73,1
439,Product_D,2021,Q3,33556.33,33,Africa,3352.73,1,2.57,36.58,1
440,Product_A,2015,Q4,29864.47,318,Africa,639.21,1,8.01,7.71,0
441,Product_A,2021,Q3,44668.97,50,Asia,1906.33,5,6.32,42.78,0
442,Product_E,2016,Q1,9673.84,880,North America,9655.58,3,5.04,25.73,1
443,Product_C,2019,Q4,4408.97,489,North America,4339.02,3,0.6,5.29,0
444,Product_C,2020,Q3,12355.75,19,Asia,6356.99,5,9.16,34.7,0
445,Product_E,2016,Q1,39831.62,726,Asia,7288.5,2,6.15,25.96,0
446,Product_D,2021,Q4,2216.18,197,Asia,3732.92,3,1.93,14.9,0
447,Product_C,2020,Q3,29348.94,891,North America,1557.55,5,6.06,21.13,0
448,Product_A,2021,Q3,49774.16,450,Africa,2145.15,2,6.77,14.92,0
449,Product_A,2019,Q3,42856.96,990,Asia,3201.34,2,5.26,13.15,1
450,Product_B,2021,Q4,26311.56,559,Europe,6397.08,4,7.18,8.18,0
451,Product_C,2015,Q1,3650.23,679,Asia,4042.98,2,5.81,18.14,1
452,Product_D,2017,Q1,41652.99,452,South America,167.47,3,9.48,12.55,1
453,Product_E,2022,Q2,30149.44,289,Asia,5281.73,3,0.54,34.17,0
454,Product_E,2022,Q3,6189.18,141,North America,9222.98,5,1.06,34.19,1
455,Product_D,2016,Q2,5145.94,84,Asia,8139.57,5,1.74,25.09,1
456,Product_B,2017,Q2,45526.53,694,South America,8269.59,2,6.9,38.9,1
457,Product_E,2021,Q1,33625.41,391,Europe,7971.07,1,6.46,42.07,0
458,Product_C,2019,Q4,41549.7,591,Africa,3304.94,4,8.92,28.99,1
459,Product_B,2016,Q4,44009.46,215,Asia,7675.42,1,7.33,30.95,0
460,Product_C,2021,Q1,28802.73,526,South America,1517.3,2,5.08,14.14,1
461,Product_A,2020,Q4,26113.59,215,South America,6611.39,2,9.92,44.74,1
462,Product_B,2018,Q2,21806.16,403,Europe,6451.53,1,2.66,1.21,1
463,Product_E,2021,Q3,16188.86,128,North America,353.14,4,8.33,17.43,1
464,Product_B,2017,Q1,22012.5,822,Asia,7900.9,1,4.27,36.09,0
465,Product_B,2016,Q3,38807.04,477,South America,9042.16,5,6.49,4.0,1
466,Product_B,2017,Q4,30295.21,760,Europe,2747.41,3,7.27,9.16,1
467,Product_B,2016,Q3,44679.9,404,Africa,8142.67,5,6.34,29.46,0
468,Product_C,2021,Q4,22447.31,29,South America,915.82,3,1.41,28.0,0
469,Product_A,2015,Q4,30550.93,792,Europe,6039.68,2,4.43,36.95,0
470,Product_D,2020,Q2,31749.72,338,North America,4907.9,4,5.61,40.63,1
471,Product_B,2021,Q4,29789.01,831,North America,5504.64,1,8.49,6.43,0
472,Product_E,2022,Q2,35280.37,714,South America,9269.43,4,4.44,0.92,0
473,Product_B,2017,Q2,12252.96,361,South America,8726.02,1,9.19,34.48,0
474,Product_E,2018,Q2,25862.01,569,Asia,7872.33,5,4.4,15.07,0
475,Product_C,2018,Q1,5659.13,392,Europe,2809.61,5,5.49,31.3,0
476,Product_E,2019,Q1,19533.31,218,South America,9127.0,1,7.96,7.53,0
477,Product_D,2016,Q4,24639.52,574,Asia,1065.33,4,5.83,23.45,1
478,Product_A,2017,Q2,32785.1,669,Asia,8547.96,1,9.6,25.22,0
479,Product_E,2019,Q1,47551.29,202,South America,3348.78,2,6.6,29.25,1
480,Product_E,2017,Q2,30232.23,17,North America,632.35,5,5.23,25.66,0
481,Product_A,2022,Q3,37307.9,322,Europe,6726.63,2,0.24,24.78,0
482,Product_D,2016,Q3,25560.17,518,Europe,2389.67,5,4.14,16.64,0
483,Product_B,2021,Q3,31888.15,570,North America,2511.35,5,2.99,3.56,1
484,Product_E,2021,Q4,4011.14,325,South America,3129.87,3,7.48,4.48,0
485,Product_A,2018,Q2,13092.38,412,Europe,730.48,2,2.08,21.69,0
486,Product_C,2021,Q3,18411.73,318,South America,1853.56,2,2.05,17.79,0
487,Product_A,2021,Q1,23888.42,681,South America,150.88,3,1.9,25.81,0
488,Product_C,2022,Q3,2759.61,965,Asia,4509.55,4,1.26,15.24,1
489,Product_D,2015,Q3,7431.19,82,North America,934.13,2,3.11,34.4,1
490,Product_B,2018,Q3,14202.31,474,South America,6858.26,1,8.86,43.2,1
491,Product_A,2019,Q4,48590.87,468,Africa,2432.67,3,7.75,14.94,1
492,Product_E,2020,Q1,16901.68,425,North America,9441.38,2,7.35,9.65,1
493,Product_D,2015,Q2,24361.03,945,Europe,8725.39,4,7.97,5.81,0
494,Product_A,2019,Q1,10206.84,731,Asia,2965.46,2,2.69,30.81,0
495,Product_E,2016,Q2,30733.61,689,Europe,7853.83,5,8.87,22.19,0
496,Product_A,2015,Q4,14393.82,204,Europe,8052.12,1,1.37,9.4,1
497,Product_C,2022,Q4,10746.13,583,North America,9866.97,3,3.36,32.66,0
498,Product_A,2019,Q4,26070.35,387,Europe,6018.62,5,5.87,7.42,1
499,Product_A,2016,Q4,772.54,778,South America,911.46,4,1.03,27.72,0
500,Product_A,2018,Q2,879.37,98,Europe,6503.69,5,7.3,26.36,1
501,Product_D,2020,Q3,11343.91,345,Asia,6287.3,5,3.87,36.71,0
502,Product_A,2016,Q2,2317.71,803,Asia,6419.67,4,7.84,2.76,0
503,Product_E,2021,Q1,5847.27,208,Africa,3140.74,5,4.93,44.39,0
504,Product_C,2017,Q4,17273.6,514,Asia,8610.83,3,1.81,35.15,0
505,Product_C,2016,Q4,40227.99,636,Europe,9598.77,2,7.35,10.81,1
506,Product_A,2016,Q1,28816.41,792,Asia,2255.35,5,2.52,9.17,0
507,Product_D,2020,Q2,25877.05,586,North America,972.71,3,4.91,21.58,0
508,Product_D,2017,Q3,15027.7,166,Asia,2025.9,2,0.76,40.88,0
509,Product_E,2021,Q3,46621.81,22,South America,8223.47,2,6.18,42.15,1
510,Product_A,2019,Q1,20152.24,154,North America,6798.78,5,6.66,26.02,0
511,Product_C,2019,Q3,4811.09,939,Africa,6396.87,3,3.79,43.04,0
512,Product_D,2016,Q2,31044.79,439,South America,4077.75,5,9.54,0.27,0
513,Product_A,2022,Q2,6135.0,295,Europe,5820.5,4,8.74,1.76,0
514,Product_D,2022,Q1,17588.55,219,Europe,3147.95,2,7.08,45.59,0
515,Product_D,2017,Q2,25616.89,669,Europe,4824.28,5,7.14,38.77,1
516,Product_C,2017,Q4,43774.01,495,South America,7951.32,2,2.52,22.54,1
517,Product_B,2021,Q1,24930.56,230,South America,9814.29,3,6.57,37.68,1
518,Product_E,2020,Q2,35261.81,20,South America,9331.64,1,1.98,47.78,0
519,Product_E,2018,Q1,49644.43,987,North America,9345.27,5,1.44,38.6,1
520,Product_C,2019,Q3,7008.71,553,North America,4082.01,5,9.99,42.12,0
521,Product_D,2020,Q2,14099.21,950,Europe,4741.02,2,6.22,38.03,0
522,Product_A,2015,Q4,20031.52,148,Asia,7085.79,3,4.31,8.41,0
523,Product_D,2019,Q2,21380.49,108,Europe,9229.7,4,2.88,41.68,0
524,Product_C,2020,Q1,20845.54,403,Africa,1505.74,3,6.04,9.76,1
525,Product_E,2019,Q1,45426.74,596,North America,3111.99,5,0.5,44.63,1
526,Product_D,2018,Q2,35844.62,483,South America,1478.54,4,0.95,22.93,1
527,Product_E,2015,Q4,30591.31,367,North America,6158.88,3,0.33,33.85,0
528,Product_A,2022,Q4,15813.95,834,South America,3132.38,1,4.99,24.86,1
529,Product_E,2022,Q4,41277.62,414,Africa,3328.47,2,6.01,4.7,1
530,Product_E,2018,Q1,47775.5,309,Africa,802.07,3,0.62,14.54,0
531,Product_B,2021,Q2,41149.31,802,North America,3562.98,3,7.21,49.19,1
532,Product_B,2015,Q3,577.47,918,South America,8638.72,1,2.3,48.04,0
533,Product_B,2016,Q1,32001.87,835,Africa,2407.42,5,6.85,16.02,1
534,Product_E,2020,Q4,3031.2,134,Europe,6982.36,2,9.82,49.81,1
535,Product_C,2015,Q2,13251.56,719,Europe,6333.32,3,6.91,42.28,1
536,Product_E,2021,Q4,3446.47,283,South America,8648.5,4,8.83,30.55,0
537,Product_C,2021,Q3,30387.87,778,North America,1409.65,3,9.48,2.01,1
538,Product_C,2018,Q4,34486.2,73,Africa,9778.14,2,4.87,45.07,1
539,Product_B,2019,Q4,6167.14,481,North America,5868.02,3,7.02,27.87,1
540,Product_D,2015,Q3,19500.02,352,Europe,9955.19,1,8.52,43.42,1
541,Product_A,2020,Q2,23083.71,560,Africa,9124.0,3,3.57,41.72,0
542,Product_B,2015,Q1,18768.12,326,North America,2293.02,3,2.61,41.65,0
543,Product_B,2017,Q2,6490.74,745,Asia,656.0,4,9.47,34.91,1
544,Product_D,2019,Q3,21237.92,443,South America,2630.83,1,7.26,14.57,1
545,Product_A,2020,Q4,37683.31,100,South America,5322.88,1,2.2,16.81,1
546,Product_E,2022,Q2,4014.88,59,Asia,1798.8,3,4.49,15.42,0
547,Product_E,2020,Q1,4468.91,508,Europe,1757.85,4,7.96,1.0,1
548,Product_B,2016,Q3,18061.18,258,Africa,4679.68,3,5.47,29.13,1
549,Product_A,2018,Q2,47115.42,413,South America,429.35,3,6.5,34.94,0
550,Product_B,2016,Q1,33594.35,452,Asia,1306.69,2,7.54,42.69,0
551,Product_C,2020,Q3,34094.16,65,Asia,4217.03,2,6.22,7.01,0
552,Product_B,2019,Q1,18415.04,595,Europe,724.99,4,5.4,27.21,1
553,Product_B,2015,Q3,29886.21,154,Europe,4027.88,5,7.5,0.4,0
554,Product_E,2022,Q4,1001.49,985,North America,4792.66,2,7.28,4.75,0
555,Product_E,2015,Q2,31986.75,266,South America,4567.54,5,6.3,2.71,1
556,Product_E,2019,Q1,45707.7,821,North America,8704.83,1,3.6,36.27,0
557,Product_C,2020,Q3,30822.39,79,Asia,5347.62,2,4.06,4.05,1
558,Product_E,2021,Q1,43748.08,315,Africa,4733.01,2,9.7,35.82,1
559,Product_A,2015,Q1,36336.67,662,Africa,4166.02,4,1.12,12.48,0
560,Product_D,2021,Q2,6467.64,947,Europe,8194.47,5,2.69,43.89,1
561,Product_A,2015,Q4,45171.44,560,Africa,8961.06,2,4.92,40.66,0
562,Product_A,2015,Q1,3788.97,917,Africa,8547.1,2,8.37,47.89,0
563,Product_E,2022,Q3,26931.39,891,Africa,6768.11,4,1.64,44.19,0
564,Product_D,2018,Q3,7535.79,248,Asia,1459.88,4,2.77,46.67,1
565,Product_D,2018,Q4,1079.48,790,Africa,2841.01,5,0.66,42.94,0
566,Product_D,2017,Q3,21390.7,868,Africa,556.02,1,7.06,34.67,1
567,Product_C,2016,Q4,15104.52,610,Africa,9315.16,1,2.38,8.51,1
568,Product_E,2019,Q3,24557.02,414,North America,6641.91,3,3.89,13.59,1
569,Product_D,2019,Q2,29071.39,25,Asia,7488.99,2,4.44,10.64,0
570,Product_C,2019,Q1,2665.08,284,Europe,3184.56,5,8.91,30.18,1
571,Product_B,2017,Q2,6588.66,449,North America,8471.97,2,4.11,25.18,1
572,Product_B,2018,Q1,28152.8,881,South America,2670.07,5,1.45,43.35,0
573,Product_C,2020,Q1,17486.78,301,Asia,116.27,5,5.24,47.63,0
574,Product_C,2021,Q1,36594.09,68,Asia,3826.51,5,9.63,20.24,1
575,Product_E,2022,Q2,32788.44,7,South America,5750.54,2,6.08,25.32,1
576,Product_E,2021,Q1,42357.42,817,South America,4839.18,4,9.83,48.58,0
577,Product_B,2020,Q2,34778.39,137,South America,8634.55,2,8.41,13.81,1
578,Product_D,2022,Q4,21781.59,164,Europe,1143.51,5,0.36,39.62,1
579,Product_B,2017,Q3,33811.85,83,Africa,5582.85,3,6.58,11.26,1
580,Product_D,2020,Q3,14131.37,897,Asia,5178.5,1,2.87,34.07,1
581,Product_D,2019,Q1,15662.52,650,Africa,2885.79,5,5.6,12.68,0
582,Product_E,2016,Q2,39554.77,420,Africa,8240.06,3,2.79,44.19,1
583,Product_A,2015,Q3,22597.77,73,South America,7553.2,4,3.49,28.07,0
584,Product_A,2021,Q2,40019.83,237,Europe,7355.31,5,9.23,9.3,1
585,Product_C,2018,Q2,41209.91,46,North America,8774.31,3,2.07,11.22,0
586,Product_E,2018,Q1,42949.34,618,Europe,7255.57,5,8.74,24.69,1
587,Product_D,2017,Q3,45873.44,928,Africa,2395.23,2,0.3,48.08,0
588,Product_A,2022,Q1,21833.77,800,Europe,7085.07,3,0.91,38.48,1
589,Product_D,2018,Q1,16283.91,262,South America,3146.26,2,8.55,24.42,0
590,Product_A,2019,Q3,29318.84,176,North America,2497.53,2,6.31,16.89,1
591,Product_A,2021,Q3,18873.03,166,South America,822.74,3,7.47,27.46,1
592,Product_A,2020,Q4,30253.17,657,North America,7465.88,1,2.09,37.42,0
593,Product_E,2019,Q4,35426.5,842,Africa,7138.91,3,5.37,39.2,0
594,Product_B,2017,Q2,34576.05,370,North America,2421.54,1,7.37,16.23,0
595,Product_D,2019,Q3,19040.37,795,North America,7518.85,5,6.27,36.06,0
596,Product_E,2020,Q4,8759.58,54,North America,9186.62,5,4.72,32.89,0
597,Product_E,2016,Q2,21811.2,690,Europe,1169.49,3,9.6,47.96,1
598,Product_E,2017,Q2,7558.41,419,Europe,2403.1,5,6.76,46.55,0
599,Product_E,2016,Q2,44559.8,756,Africa,7527.58,4,9.08,39.47,0
600,Product_E,2015,Q4,17620.93,507,North America,2817.62,2,7.3,36.17,1
601,Product_C,2016,Q3,8145.76,341,Asia,6284.17,2,7.35,13.7,0
602,Product_D,2015,Q1,1759.66,127,Africa,903.53,1,0.8,42.3,0
603,Product_E,2015,Q2,32468.21,409,North America,4576.8,5,3.59,21.38,0
604,Product_D,2016,Q4,32026.66,924,North America,7417.01,1,8.58,13.61,1
605,Product_C,2017,Q4,17359.91,367,Europe,6896.49,2,2.33,19.21,0
606,Product_C,2022,Q1,4049.74,271,Africa,8169.21,2,1.16,41.8,1
607,Product_D,2020,Q1,20776.63,644,North America,8786.78,5,3.26,7.43,1
608,Product_A,2019,Q4,15905.27,605,North America,7754.52,4,2.2,22.81,0
609,Product_B,2019,Q3,34017.47,379,Africa,6748.72,4,9.25,24.62,1
610,Product_A,2020,Q1,30486.07,73,Asia,414.05,5,8.68,1.83,0
611,Product_A,2021,Q4,18547.39,923,Africa,5396.17,5,5.0,9.79,0
612,Product_A,2021,Q1,11285.68,922,Africa,473.21,1,0.61,41.34,0
613,Product_E,2015,Q3,49407.78,915,Asia,8099.87,5,7.15,41.54,0
614,Product_C,2015,Q2,22973.08,248,Africa,3275.17,4,6.23,14.62,0
615,Product_A,2017,Q1,34569.57,860,North America,5668.05,5,9.71,43.74,1
616,Product_C,2018,Q3,7457.37,785,Africa,2866.51,1,5.59,38.59,1
617,Product_D,2016,Q4,24536.69,43,Asia,7846.75,1,3.36,20.9,1
618,Product_B,2015,Q1,1863.07,377,South America,8876.38,1,5.19,37.42,1
619,Product_D,2019,Q1,25520.03,41,Africa,4046.56,1,9.79,48.07,0
620,Product_D,2017,Q4,48218.86,170,Europe,8642.93,3,6.96,22.95,0
621,Product_E,2016,Q2,19518.23,946,North America,2744.04,5,6.72,11.92,1
622,Product_B,2017,Q4,2430.3,212,North America,5393.14,2,2.41,47.09,0
623,Product_D,2016,Q1,2032.31,493,Europe,8601.74,5,7.44,30.19,1
624,Product_D,2016,Q4,19705.34,680,Europe,3326.23,3,7.5,5.26,1
625,Product_B,2020,Q3,8421.23,39,Africa,9545.02,1,3.17,28.63,1
626,Product_B,2015,Q4,1655.93,369,Europe,1306.61,3,4.84,25.03,1
627,Product_D,2022,Q1,37932.57,757,South America,280.92,4,2.95,42.78,0
628,Product_B,2017,Q4,23196.89,151,Asia,9050.94,4,2.59,26.53,0
629,Product_D,2022,Q2,14817.62,111,Europe,779.62,5,0.26,12.76,1
630,Product_D,2017,Q4,45054.12,480,Europe,9919.7,5,2.85,33.78,1
631,Product_E,2020,Q2,6248.88,436,South America,9518.83,2,5.54,27.13,1
632,Product_A,2019,Q3,47817.98,47,North America,1456.51,2,0.02,11.65,1
633,Product_D,2022,Q2,16041.35,575,North America,5422.09,4,2.83,28.68,1
634,Product_C,2019,Q4,44475.98,737,Africa,1930.71,1,8.81,41.08,0
635,Product_A,2021,Q1,30345.67,366,South America,4338.74,3,5.94,1.43,1
636,Product_A,2015,Q2,41422.01,69,Asia,708.11,2,6.08,31.54,1
637,Product_A,2015,Q3,49208.65,299,Asia,2316.85,2,4.03,17.48,0
638,Product_E,2018,Q2,14776.07,944,South America,3696.4,1,6.76,14.63,0
639,Product_D,2020,Q2,48076.21,802,Asia,4442.61,1,1.9,19.63,0
640,Product_E,2019,Q2,19779.35,296,North America,9777.21,5,8.19,17.1,0
641,Product_D,2016,Q3,19582.84,203,Asia,8097.87,3,1.17,41.61,0
642,Product_E,2017,Q4,17349.16,61,Asia,7400.36,1,6.56,13.74,0
643,Product_E,2015,Q2,27299.68,946,South America,5416.71,2,3.41,36.66,0
644,Product_C,2022,Q2,8130.18,963,South America,8415.98,2,7.48,4.7,0
645,Product_E,2017,Q1,27908.72,830,Asia,3459.3,4,5.5,47.57,0
646,Product_B,2017,Q3,27314.39,314,Europe,7118.1,1,4.52,31.12,1
647,Product_C,2018,Q2,38214.14,161,South America,9938.46,5,1.69,35.34,0
648,Product_E,2019,Q3,41765.67,331,Africa,3214.83,3,6.37,14.9,1
649,Product_A,2015,Q2,22301.85,528,Africa,6772.77,5,9.75,20.6,1
650,Product_B,2017,Q4,15465.5,338,North America,8458.72,2,8.26,11.19,1
651,Product_B,2015,Q4,13337.08,606,Asia,9166.5,5,0.6,46.63,1
652,Product_B,2016,Q2,10133.88,304,Europe,7207.53,2,3.76,24.41,1
653,Product_C,2018,Q4,3353.56,503,North America,2907.72,2,9.26,31.52,1
654,Product_E,2016,Q2,17451.17,650,Asia,3330.19,2,5.03,36.71,1
655,Product_E,2015,Q4,13877.26,338,South America,305.5,2,6.62,18.56,1
656,Product_A,2021,Q1,48337.66,550,Africa,7632.77,2,9.13,36.01,0
657,Product_A,2022,Q1,28106.59,639,Europe,523.12,4,8.74,33.8,1
658,Product_B,2015,Q1,17690.21,275,Africa,8660.06,5,5.02,35.28,1
659,Product_A,2019,Q3,29233.15,164,South America,1274.74,4,4.38,24.46,1
660,Product_C,2017,Q3,7390.24,443,Asia,1801.58,4,3.4,19.15,1
661,Product_E,2017,Q1,22480.17,319,South America,4817.61,1,7.19,11.1,0
662,Product_B,2016,Q3,31498.6,589,South America,7405.02,1,2.87,41.23,1
663,Product_A,2022,Q4,24700.44,504,Africa,1476.12,1,2.5,30.42,0
664,Product_C,2018,Q2,20388.05,686,Europe,4456.7,3,3.56,22.22,0
665,Product_C,2021,Q2,49695.5,387,South America,4880.23,1,1.77,47.2,1
666,Product_A,2020,Q2,44075.58,970,Africa,2201.63,5,6.95,2.39,1
667,Product_E,2022,Q1,31358.59,870,Europe,1244.03,4,6.16,42.51,0
668,Product_A,2017,Q3,28684.18,833,Asia,8380.57,5,4.83,49.88,1
669,Product_B,2019,Q4,31222.69,888,Asia,5074.41,1,3.9,44.35,1
670,Product_A,2022,Q4,10464.95,603,North America,242.37,3,9.09,40.52,0
671,Product_C,2016,Q1,20059.32,750,Africa,8049.51,3,0.29,18.72,0
672,Product_A,2016,Q4,2453.25,776,Europe,9809.86,4,7.69,11.57,1
673,Product_E,2020,Q4,24039.53,691,South America,6098.67,5,9.02,36.74,1
674,Product_D,2019,Q4,27379.72,494,Asia,5086.71,2,4.46,15.23,1
675,Product_A,2018,Q4,11773.61,490,Europe,8796.32,5,5.51,8.8,0
676,Product_E,2022,Q3,48219.43,721,Africa,9529.92,1,9.44,39.33,1
677,Product_E,2019,Q4,45518.0,73,North America,7569.92,2,2.12,15.63,0
678,Product_C,2018,Q2,36246.09,509,Asia,4509.98,3,5.2,45.72,0
679,Product_E,2019,Q1,26902.64,390,Europe,5962.99,4,4.75,42.03,1
680,Product_E,2019,Q3,43563.47,619,Europe,7039.26,4,2.58,42.38,0
681,Product_E,2015,Q4,6967.29,857,Europe,2023.31,3,8.19,38.58,1
682,Product_E,2016,Q3,39630.23,295,Africa,4527.29,1,9.0,44.04,1
683,Product_B,2022,Q4,6678.63,369,Africa,8315.23,3,7.82,40.29,0
684,Product_B,2019,Q2,39813.43,956,Africa,6581.78,1,1.95,30.13,1
685,Product_C,2022,Q1,14150.49,796,South America,4170.92,2,0.87,14.79,0
686,Product_A,2020,Q4,43915.98,865,Europe,6667.29,3,6.05,44.41,0
687,Product_E,2019,Q4,47230.08,694,Asia,1270.4,1,0.57,42.03,1
688,Product_A,2017,Q4,7865.4,549,Africa,4074.83,2,6.73,23.64,1
689,Product_A,2016,Q4,23402.44,649,Africa,7951.97,3,5.3,1.95,1
690,Product_C,2017,Q1,49058.88,850,Europe,2283.04,4,6.63,31.93,1
691,Product_E,2022,Q1,24428.67,568,Africa,1941.02,3,5.9,2.53,0
692,Product_E,2022,Q2,43245.6,187,South America,9513.1,5,4.23,46.31,0
693,Product_D,2016,Q1,29642.21,853,South America,2177.99,3,2.01,48.08,0
694,Product_A,2022,Q4,19078.83,770,Africa,2683.09,5,3.06,9.47,1
695,Product_A,2017,Q2,14646.29,445,Europe,9699.2,2,5.25,33.82,0
696,Product_B,2019,Q2,10559.54,570,Europe,7373.61,3,6.52,4.61,0
697,Product_D,2019,Q2,38209.01,363,Europe,7026.01,2,7.79,36.48,1
698,Product_B,2015,Q4,19633.76,123,North America,8543.97,2,7.67,17.36,1
699,Product_B,2020,Q3,25808.14,188,Africa,1246.65,1,9.73,34.05,1
700,Product_B,2022,Q4,24870.11,742,Europe,7088.97,2,2.86,18.64,0
701,Product_C,2017,Q1,29075.31,680,South America,5086.52,2,0.71,7.28,1
702,Product_C,2022,Q1,43346.07,420,Asia,8308.59,3,3.46,20.31,0
703,Product_B,2022,Q4,49046.6,626,Asia,5130.6,3,7.43,5.63,0
704,Product_D,2018,Q4,20675.42,252,Europe,6240.39,4,4.38,28.84,0
705,Product_A,2015,Q2,41462.19,619,Asia,4829.65,1,8.18,2.05,0
706,Product_D,2017,Q4,38344.13,549,Asia,4833.77,2,5.49,26.37,0
707,Product_E,2017,Q2,28889.68,335,North America,7702.9,1,9.3,44.32,1
708,Product_C,2022,Q1,47824.33,92,South America,6322.81,5,9.48,41.89,0
709,Product_A,2015,Q2,10423.49,530,South America,6369.31,2,0.69,44.14,1
710,Product_A,2019,Q4,5908.58,866,North America,4557.8,1,4.56,46.1,0
711,Product_E,2017,Q1,42771.12,63,North America,5357.98,4,6.1,5.23,0
712,Product_E,2019,Q3,22237.92,662,Asia,7482.6,4,2.56,6.44,1
713,Product_B,2015,Q2,42424.96,512,Africa,8276.82,2,4.07,27.85,0
714,Product_C,2019,Q1,44707.97,139,Asia,6995.96,5,6.78,44.7,0
715,Product_C,2016,Q2,3591.65,698,North America,9248.32,4,2.27,48.72,1
716,Product_D,2018,Q1,44231.51,185,South America,8221.21,4,6.02,2.31,1
717,Product_B,2021,Q1,22691.79,205,Asia,5662.45,5,6.97,17.79,0
718,Product_B,2017,Q2,25766.41,772,Africa,6746.92,1,0.9,10.64,0
719,Product_B,2020,Q3,31516.33,214,Asia,9270.45,4,4.98,37.8,0
720,Product_B,2018,Q1,46355.94,256,Europe,6229.76,3,2.63,32.01,1
721,Product_C,2021,Q1,1446.25,135,Asia,8265.59,4,7.24,5.99,0
722,Product_C,2019,Q1,24103.75,573,North America,6919.22,1,1.9,24.18,1
723,Product_B,2017,Q3,34542.24,875,South America,5564.17,1,8.92,34.27,1
724,Product_D,2019,Q3,36273.99,822,South America,2494.2,2,4.31,38.95,0
725,Product_A,2016,Q4,34780.36,88,North America,4317.38,3,1.98,1.0,1
726,Product_A,2015,Q2,7154.54,836,Europe,9680.65,1,4.38,44.52,0
727,Product_D,2017,Q3,15320.08,988,North America,6611.88,5,4.09,28.46,0
728,Product_B,2021,Q2,18256.42,207,Asia,5687.51,3,4.29,40.6,1
729,Product_C,2021,Q4,40319.64,129,North America,9336.27,3,5.86,40.4,1
730,Product_A,2016,Q2,14298.61,823,North America,5906.47,5,5.21,9.49,1
731,Product_E,2016,Q3,10929.9,3,Europe,5308.22,4,1.5,5.51,1
732,Product_E,2022,Q2,47893.68,974,Asia,7617.18,5,0.66,36.06,1
733,Product_D,2017,Q3,938.73,934,Africa,7155.39,5,7.29,7.82,1
734,Product_B,2019,Q2,49892.13,754,Africa,2012.28,4,5.6,42.5,0
735,Product_A,2020,Q3,34002.65,121,South America,4765.95,4,3.59,36.31,0
736,Product_B,2021,Q3,41509.23,385,North America,4777.9,4,8.08,42.09,0
737,Product_A,2021,Q2,15083.66,614,South America,3844.42,4,3.88,14.95,1
738,Product_D,2016,Q4,1208.61,38,Europe,5221.21,4,7.96,15.83,1
739,Product_D,2018,Q1,37024.54,341,Africa,4189.76,5,3.06,33.56,1
740,Product_E,2016,Q4,41790.16,925,North America,2073.52,2,0.73,1.57,0
741,Product_B,2020,Q2,37153.57,645,Europe,4182.43,2,9.33,36.32,0
742,Product_E,2019,Q4,7571.09,714,Europe,815.54,1,3.95,41.79,1
743,Product_B,2019,Q3,37794.68,860,North America,5800.28,2,7.93,20.76,1
744,Product_E,2018,Q1,38561.68,21,Europe,8551.18,2,2.79,38.24,1
745,Product_C,2021,Q2,33097.76,242,North America,7280.34,5,6.46,8.73,1
746,Product_C,2016,Q2,38422.74,455,North America,3667.9,4,8.73,16.11,0
747,Product_C,2022,Q2,42373.11,963,Asia,962.0,4,0.42,48.72,0
748,Product_C,2019,Q1,30873.4,621,South America,2101.28,5,8.31,49.32,0
749,Product_A,2020,Q3,4885.93,303,Europe,5500.35,2,5.71,25.63,1
750,Product_C,2017,Q2,24637.58,596,Europe,2149.87,5,6.07,46.71,0
751,Product_D,2015,Q4,4343.64,595,Asia,5485.33,1,5.23,26.14,1
752,Product_D,2015,Q2,20673.38,803,Asia,2392.83,4,8.74,14.58,1
753,Product_A,2015,Q2,20651.77,964,Asia,8504.35,3,0.43,13.34,1
754,Product_C,2022,Q2,3767.49,69,Africa,4032.99,1,2.61,46.48,0
755,Product_C,2021,Q2,17766.62,129,Africa,2530.95,1,8.76,8.62,0
756,Product_C,2016,Q3,5994.41,196,Africa,8142.03,5,7.52,28.98,1
757,Product_E,2018,Q4,40507.64,140,North America,3494.11,2,0.18,27.78,0
758,Product_B,2022,Q3,47410.56,444,Europe,1203.73,4,5.17,36.98,1
759,Product_E,2022,Q4,4079.67,283,South America,5747.05,3,5.3,24.96,1
760,Product_B,2019,Q2,47778.2,312,North America,5857.49,1,4.01,13.61,1
761,Product_C,2017,Q1,26367.54,746,Europe,7175.49,3,2.97,8.47,0
762,Product_C,2022,Q3,15328.5,535,Europe,2478.17,2,6.82,31.04,0
763,Product_E,2020,Q1,4304.67,665,Asia,4493.34,2,2.08,35.95,1
764,Product_E,2017,Q3,25280.9,277,Asia,2895.44,3,7.99,28.48,0
765,Product_B,2020,Q2,39828.52,61,North America,901.44,4,8.03,36.92,0
766,Product_D,2021,Q3,35500.78,319,Asia,8778.48,2,4.15,7.08,0
767,Product_B,2016,Q2,2986.19,890,Europe,7315.81,3,2.84,44.12,0
768,Product_E,2015,Q3,4108.64,52,Asia,3084.48,1,2.84,29.12,1
769,Product_E,2022,Q2,20442.23,856,Africa,6033.79,3,4.82,6.34,0
770,Product_A,2016,Q2,15116.88,153,Asia,2092.51,3,7.2,23.1,1
771,Product_E,2021,Q4,12003.02,749,Europe,8913.34,5,3.59,42.24,1
772,Product_A,2018,Q2,14409.72,311,North America,1237.57,2,6.1,44.88,0
773,Product_D,2018,Q4,40272.4,814,South America,137.99,4,3.82,13.23,1
774,Product_B,2021,Q2,46496.79,544,Asia,5069.88,4,3.05,35.56,1
775,Product_B,2020,Q1,20552.58,567,Europe,5872.97,5,0.25,5.0,0
776,Product_A,2019,Q2,45352.49,864,South America,5831.76,4,0.04,1.68,1
777,Product_B,2019,Q1,16414.04,389,South America,639.67,3,2.27,28.02,1
778,Product_E,2020,Q1,24083.63,548,Africa,3209.03,5,4.06,34.74,0
779,Product_C,2018,Q2,11688.44,622,South America,5042.07,1,8.51,39.79,0
780,Product_A,2018,Q1,32203.56,177,Europe,2244.13,2,7.98,17.01,0
781,Product_B,2022,Q4,48959.57,362,Europe,8739.0,2,2.67,0.33,0
782,Product_A,2018,Q3,30372.91,314,Asia,962.38,2,2.45,23.98,0
783,Product_A,2016,Q2,18211.8,807,Asia,4925.11,3,2.27,0.79,1
784,Product_C,2018,Q1,32566.96,848,Asia,6945.02,1,3.39,4.6,1
785,Product_E,2017,Q2,6584.57,97,South America,2691.34,5,4.98,16.33,0
786,Product_A,2022,Q4,44488.62,881,South America,6279.98,5,4.39,21.86,0
787,Product_B,2015,Q2,25402.66,213,Africa,8310.91,2,2.18,13.97,1
788,Product_D,2018,Q2,22742.81,829,Asia,1984.34,1,1.3,29.09,0
789,Product_A,2020,Q1,29500.31,137,North America,9180.48,1,0.13,2.77,0
790,Product_A,2015,Q4,31426.8,6,Africa,5580.23,1,1.54,7.23,1
791,Product_C,2016,Q3,4052.9,109,North America,3062.4,4,7.05,34.76,1
792,Product_E,2020,Q3,34289.55,547,South America,4365.5,4,2.44,7.11,1
793,Product_D,2015,Q1,12475.62,39,Africa,3190.7,2,4.69,31.99,0
794,Product_B,2020,Q2,35840.66,662,Africa,7278.6,1,5.91,2.73,1
795,Product_D,2016,Q1,41215.47,425,Europe,7983.38,1,8.87,20.37,0
796,Product_B,2022,Q1,40295.95,630,South America,8346.08,5,8.89,8.87,1
797,Product_E,2017,Q1,27848.8,261,South America,9859.11,5,7.46,5.48,0
798,Product_B,2016,Q2,26248.41,426,Africa,7933.71,2,0.35,28.35,0
799,Product_C,2016,Q4,7572.36,87,South America,6053.7,1,5.75,46.42,0
800,Product_C,2020,Q1,38879.63,465,Africa,3458.28,2,7.87,2.74,1
801,Product_C,2022,Q2,13934.76,76,Europe,5491.49,5,0.17,21.08,1
802,Product_C,2021,Q4,25086.42,471,Africa,506.57,5,5.5,35.38,1
803,Product_D,2019,Q1,14571.57,976,South America,7473.77,4,8.58,23.13,0
804,Product_E,2018,Q3,7124.5,963,South America,4514.96,2,4.74,40.32,1
805,Product_B,2018,Q4,31663.11,414,Africa,298.23,2,0.04,8.98,1
806,Product_B,2017,Q1,3189.44,825,Africa,718.82,1,0.11,47.98,0
807,Product_C,2017,Q4,37557.94,895,Africa,3935.92,1,4.17,19.26,0
808,Product_C,2018,Q4,16220.55,726,Asia,5875.87,4,1.55,17.08,1
809,Product_A,2019,Q4,506.67,457,South America,4695.62,3,6.64,43.73,1
810,Product_E,2018,Q4,25800.89,285,South America,6230.12,3,7.09,28.19,1
811,Product_D,2021,Q4,2819.17,239,Asia,4854.91,3,1.78,25.82,0
812,Product_B,2019,Q4,14170.39,677,Africa,6650.87,2,8.89,36.35,1
813,Product_A,2017,Q1,35495.34,599,Europe,2269.35,2,4.42,28.99,0
814,Product_A,2015,Q3,3603.14,653,Africa,1217.15,5,1.43,8.13,0
815,Product_B,2020,Q2,42047.26,672,Africa,6004.7,2,7.64,33.71,1
816,Product_D,2021,Q4,689.09,558,Asia,4898.43,2,7.9,6.67,1
817,Product_A,2021,Q2,12717.78,372,South America,365.99,2,6.39,40.29,0
818,Product_A,2022,Q1,37174.75,495,Africa,3866.77,4,8.53,49.49,0
819,Product_E,2017,Q4,16155.37,624,South America,1150.64,2,7.37,18.87,1
820,Product_D,2017,Q3,5543.67,919,North America,5360.43,1,8.82,22.24,1
821,Product_A,2016,Q2,18331.58,45,South America,4018.2,1,4.34,2.32,1
822,Product_D,2021,Q4,13884.47,401,Europe,6170.2,5,7.48,0.69,0
823,Product_B,2016,Q1,42214.24,247,Europe,8075.46,4,10.0,46.07,0
824,Product_C,2016,Q3,16010.72,616,Africa,3066.72,1,7.25,6.43,1
825,Product_A,2020,Q2,39552.16,597,South America,9624.81,4,1.14,22.29,0
826,Product_E,2016,Q2,44647.67,450,Africa,5402.78,4,5.18,40.77,0
827,Product_B,2019,Q4,21973.96,485,Asia,6221.08,5,5.87,44.47,1
828,Product_D,2018,Q3,45542.19,646,Europe,6838.66,4,1.74,25.97,0
829,Product_B,2015,Q3,19177.24,620,Africa,6700.64,2,9.63,28.25,1
830,Product_A,2017,Q3,48221.88,18,Asia,5158.61,4,1.76,33.48,1
831,Product_D,2019,Q3,4919.83,606,Africa,4344.77,5,1.78,48.07,0
832,Product_C,2015,Q1,34507.45,662,South America,632.44,5,9.15,30.13,0
833,Product_B,2021,Q3,24943.8,758,South America,318.65,5,4.65,27.97,1
834,Product_A,2021,Q2,19688.62,289,South America,3643.82,1,0.63,0.73,0
835,Product_E,2021,Q2,31819.24,414,South America,3403.24,2,5.98,4.05,1
836,Product_D,2019,Q1,35340.93,721,North America,3938.18,1,6.02,28.86,0
837,Product_B,2019,Q2,715.98,638,Asia,1469.85,3,0.65,46.81,0
838,Product_B,2017,Q2,8764.18,235,Asia,7407.87,2,9.73,43.33,0
839,Product_C,2018,Q3,35795.78,416,South America,8583.95,4,5.44,49.13,1
840,Product_C,2022,Q2,33486.08,938,North America,9393.27,5,5.6,26.39,0
841,Product_E,2016,Q1,48319.35,499,South America,4974.39,3,5.2,39.4,1
842,Product_E,2021,Q3,38171.37,974,North America,7038.57,2,6.11,42.02,1
843,Product_A,2020,Q4,47563.25,634,South America,8569.96,1,2.64,32.4,1
844,Product_A,2018,Q3,35275.75,650,Europe,4241.08,5,2.87,16.94,0
845,Product_E,2020,Q1,15253.58,115,Europe,3163.19,1,5.11,23.5,1
846,Product_E,2017,Q3,5715.56,932,Africa,9373.57,2,8.07,42.9,1
847,Product_D,2017,Q3,39200.28,674,South America,5205.2,2,0.5,14.93,0
848,Product_C,2017,Q1,32385.39,713,Asia,5022.81,3,6.03,46.19,1
849,Product_A,2015,Q3,2885.21,234,Africa,1866.32,4,8.07,11.49,1
850,Product_C,2020,Q1,18322.5,540,Europe,1170.73,1,1.57,37.48,0
851,Product_C,2018,Q1,47861.59,11,South America,8436.86,3,0.15,31.53,1
852,Product_E,2022,Q4,25269.86,206,Africa,6179.92,5,3.13,37.48,0
853,Product_D,2018,Q2,21920.09,679,South America,3325.66,4,5.88,21.87,1
854,Product_B,2019,Q2,23156.13,247,Europe,1998.19,3,1.38,46.63,1
855,Product_D,2019,Q3,10839.69,559,Africa,5599.42,1,4.26,31.62,0
856,Product_D,2021,Q3,18751.0,758,Europe,5880.8,2,5.52,14.41,1
857,Product_C,2022,Q4,18805.76,127,North America,2149.24,5,5.99,31.92,1
858,Product_D,2019,Q4,3091.57,147,Europe,8528.92,1,2.74,14.34,1
859,Product_A,2017,Q4,38494.6,118,South America,934.22,4,4.0,14.68,0
860,Product_C,2018,Q1,21116.97,911,Asia,3625.32,4,7.78,19.98,0
861,Product_A,2020,Q4,41197.9,382,Europe,6835.81,2,9.41,42.62,0
862,Product_B,2017,Q4,42592.23,412,Asia,2813.79,2,8.62,25.01,0
863,Product_C,2015,Q3,10993.71,664,North America,8293.98,5,5.64,33.95,0
864,Product_B,2019,Q4,33039.0,584,Africa,7424.69,5,4.1,19.6,1
865,Product_C,2017,Q1,23877.95,363,Africa,7911.33,2,3.33,13.18,0
866,Product_E,2017,Q1,44067.76,509,Asia,1279.15,2,1.25,47.73,0
867,Product_D,2015,Q3,11179.16,137,Africa,1491.42,4,1.07,30.18,0
868,Product_E,2016,Q4,34051.75,175,Europe,2936.09,2,6.88,46.7,1
869,Product_B,2018,Q4,30583.73,289,Asia,5228.96,3,2.6,10.17,1
870,Product_D,2020,Q1,15117.42,958,South America,7505.36,1,2.55,7.34,0
871,Product_C,2021,Q4,7261.74,481,Europe,8381.66,2,9.98,42.79,1
872,Product_D,2016,Q4,32756.17,19,Europe,7072.92,5,1.88,34.05,1
873,Product_A,2019,Q4,37060.57,195,Europe,9293.11,3,1.48,9.33,1
874,Product_D,2017,Q2,16123.55,330,South America,7413.56,5,0.99,13.47,1
875,Product_A,2022,Q3,32419.21,936,North America,3132.05,3,5.8,40.03,0
876,Product_D,2015,Q2,20058.98,175,Africa,2724.3,2,6.28,22.69,0
877,Product_A,2015,Q3,35803.74,449,Asia,6992.31,1,3.65,33.53,1
878,Product_B,2022,Q1,10361.16,925,North America,2009.42,5,5.35,15.92,1
879,Product_E,2018,Q4,44565.64,946,Asia,1017.88,3,7.88,19.06,1
880,Product_C,2016,Q3,14726.78,354,Africa,5369.01,4,8.18,49.54,1
881,Product_D,2021,Q2,18705.41,499,South America,8234.25,2,9.58,12.38,0
882,Product_E,2018,Q4,3375.55,141,Europe,1103.66,1,8.24,25.32,1
883,Product_C,2022,Q1,6019.85,758,Europe,7939.72,2,5.65,42.22,0
884,Product_C,2017,Q3,26035.16,897,South America,8134.56,4,1.8,11.96,1
885,Product_A,2022,Q3,13745.84,930,North America,4874.51,1,1.0,20.76,0
886,Product_B,2018,Q3,41856.27,93,North America,667.37,4,0.55,30.75,1
887,Product_B,2020,Q4,1227.32,944,Asia,1828.44,2,6.67,24.06,0
888,Product_E,2015,Q2,19265.16,239,South America,7103.52,3,8.08,22.98,0
889,Product_B,2015,Q2,17198.6,205,North America,7146.6,2,5.09,18.13,0
890,Product_D,2019,Q3,1456.72,560,South America,8993.72,2,0.55,29.33,1
891,Product_B,2019,Q1,6656.24,433,Africa,5868.59,2,5.35,31.22,0
892,Product_E,2022,Q1,20975.31,245,Europe,1328.66,5,9.36,32.66,1
893,Product_B,2021,Q2,24896.8,832,Europe,1302.01,4,5.98,3.52,0
894,Product_D,2017,Q1,20512.34,317,Europe,7239.21,4,8.09,31.55,0
895,Product_A,2020,Q2,26781.42,925,South America,1919.47,4,8.0,47.66,1
896,Product_E,2016,Q3,29959.02,295,South America,3351.02,5,9.32,27.05,0
897,Product_A,2018,Q2,991.23,640,Asia,4923.4,3,7.7,35.76,1
898,Product_A,2021,Q2,23472.71,856,Europe,345.17,2,7.48,27.84,1
899,Product_A,2017,Q3,48193.21,282,Asia,2563.31,3,2.34,42.74,1
900,Product_C,2019,Q1,26192.1,17,Europe,4138.11,5,0.6,46.48,1
901,Product_C,2022,Q2,34038.34,71,Asia,2868.4,4,5.18,9.21,0
902,Product_A,2018,Q2,15937.26,269,Asia,1450.07,2,1.24,21.84,0
903,Product_E,2019,Q3,38812.57,325,Africa,7307.32,1,9.62,19.62,1
904,Product_D,2022,Q1,38759.61,794,Asia,8150.16,1,2.9,20.26,0
905,Product_D,2018,Q2,26304.15,305,South America,2649.04,3,8.53,6.28,0
906,Product_B,2016,Q3,48812.68,451,Asia,7766.75,4,3.88,40.68,1
907,Product_E,2017,Q2,6714.74,7,Europe,3916.98,1,3.23,1.79,0
908,Product_C,2018,Q4,1338.91,314,Asia,5116.19,3,9.35,26.41,1
909,Product_A,2020,Q3,38622.83,817,North America,8574.41,5,3.63,33.09,0
910,Product_B,2021,Q1,40454.2,103,Europe,7524.54,3,3.9,10.37,0
911,Product_D,2015,Q1,6450.26,821,North America,8070.66,3,1.06,45.29,1
912,Product_C,2020,Q1,13646.35,193,Europe,1454.77,3,6.7,41.93,0
913,Product_C,2020,Q1,1368.84,753,South America,790.22,2,2.89,23.55,0
914,Product_A,2021,Q2,15018.78,574,South America,8944.71,3,5.86,20.56,1
915,Product_D,2015,Q2,38770.52,529,South America,3939.56,3,5.91,11.83,0
916,Product_E,2020,Q1,26139.05,171,North America,2950.01,2,7.19,36.5,1
917,Product_C,2018,Q1,17730.73,537,Africa,7274.49,2,7.45,6.59,0
918,Product_A,2018,Q1,18901.1,251,Europe,8380.51,5,5.14,34.01,1
919,Product_E,2018,Q2,567.0,765,South America,8638.65,4,3.31,42.12,1
920,Product_D,2015,Q1,15340.13,387,Europe,3228.37,1,8.37,11.42,1
921,Product_C,2020,Q1,32499.71,207,North America,8536.9,1,3.1,43.32,1
922,Product_E,2022,Q4,48722.62,541,Africa,505.25,3,5.08,1.67,1
923,Product_E,2015,Q4,42429.51,629,North America,591.65,5,4.01,45.64,0
924,Product_E,2018,Q1,1667.95,416,Europe,6272.84,3,8.55,5.92,0
925,Product_C,2021,Q3,44978.75,794,Africa,724.75,1,4.32,32.29,1
926,Product_C,2020,Q1,39268.32,380,Africa,3313.63,2,3.86,12.5,0
927,Product_B,2020,Q4,39128.62,144,North America,6760.28,4,6.9,41.83,1
928,Product_D,2019,Q3,23170.79,25,South America,3438.94,5,6.02,25.62,0
929,Product_A,2019,Q3,20201.26,822,Europe,1878.04,2,1.07,6.76,0
930,Product_E,2016,Q1,15494.33,668,Asia,2885.37,4,5.08,28.55,1
931,Product_B,2022,Q4,3751.9,73,Asia,4630.0,5,7.35,20.39,1
932,Product_A,2022,Q4,11797.65,632,North America,4806.32,5,9.92,33.07,0
933,Product_B,2017,Q3,12706.88,824,Europe,7851.7,1,6.29,44.1,0
934,Product_C,2022,Q1,24461.81,833,Europe,7526.52,2,3.7,20.47,1
935,Product_E,2019,Q2,37498.5,93,North America,4622.5,5,2.26,14.49,0
936,Product_A,2015,Q2,23953.59,505,Europe,8472.11,5,8.73,0.73,0
937,Product_A,2022,Q4,3363.3,598,South America,1230.95,4,8.15,28.74,1
938,Product_A,2019,Q2,47910.6,336,North America,2628.0,1,2.34,20.11,0
939,Product_A,2016,Q4,47164.85,425,South America,8296.97,3,2.01,18.73,1
940,Product_A,2020,Q4,39366.88,499,Europe,3842.14,1,7.15,9.15,1
941,Product_B,2022,Q4,49570.73,364,North America,9813.7,3,3.15,21.5,1
942,Product_E,2016,Q2,27451.88,947,Europe,4715.91,2,3.06,49.22,0
943,Product_C,2020,Q4,48157.03,630,North America,7940.16,2,1.52,14.89,0
944,Product_C,2021,Q3,4242.45,745,Europe,4082.84,5,2.64,29.99,1
945,Product_C,2021,Q1,18601.2,199,South America,4307.04,2,4.28,38.82,1
946,Product_C,2020,Q1,11656.37,718,South America,3890.54,5,7.33,37.46,0
947,Product_B,2022,Q4,10193.74,413,Europe,7218.85,1,3.36,16.44,0
948,Product_D,2017,Q1,7469.75,339,North America,5520.43,2,3.29,30.54,0
949,Product_E,2019,Q2,31309.48,659,Asia,9443.4,1,2.85,43.56,1
950,Product_A,2015,Q2,39175.43,962,South America,2583.81,1,4.78,0.77,1
951,Product_D,2015,Q1,29125.77,937,South America,1095.57,2,1.81,21.79,0
952,Product_C,2018,Q2,7774.65,429,Asia,3993.29,1,4.86,11.21,0
953,Product_D,2020,Q1,40650.63,783,Europe,6205.46,2,7.04,19.43,0
954,Product_E,2015,Q1,31979.76,899,North America,8621.91,2,0.3,20.8,1
955,Product_A,2022,Q1,19714.2,139,Europe,3527.35,2,0.1,37.33,1
956,Product_A,2017,Q4,33869.45,693,Africa,6572.49,3,0.75,4.69,0
957,Product_E,2020,Q1,13365.3,942,South America,3566.97,1,5.36,25.63,0
958,Product_E,2017,Q4,17587.01,542,Africa,6210.47,4,8.54,28.21,1
959,Product_C,2022,Q1,45915.55,57,South America,8859.6,2,0.05,24.71,1
960,Product_A,2015,Q1,14879.97,232,South America,2390.44,1,9.37,36.59,0
961,Product_D,2015,Q1,23764.42,658,Africa,4101.99,5,1.06,19.19,0
962,Product_B,2018,Q2,44561.99,435,Africa,9933.33,2,8.42,47.25,0
963,Product_B,2015,Q4,35532.21,384,Europe,8698.71,2,4.83,24.09,1
964,Product_E,2020,Q4,3579.06,560,Africa,5689.93,4,6.59,28.56,0
965,Product_C,2022,Q1,7791.5,194,Europe,5214.61,3,5.11,41.28,1
966,Product_B,2021,Q1,888.16,736,Europe,2917.54,3,4.77,13.76,1
967,Product_A,2022,Q2,31730.63,648,Europe,5220.37,2,8.35,3.76,0
968,Product_E,2020,Q2,22659.83,534,South America,8497.0,1,7.56,35.39,0
969,Product_D,2020,Q2,7146.61,518,South America,6883.23,5,4.83,24.15,1
970,Product_E,2018,Q4,47917.74,716,Africa,2971.44,5,1.12,44.83,0
971,Product_D,2018,Q4,26718.16,751,South America,2094.49,1,1.15,49.13,1
972,Product_E,2015,Q4,12473.72,185,Africa,2725.56,2,8.02,19.96,0
973,Product_E,2016,Q1,25279.88,872,South America,1780.62,5,5.29,20.77,0
974,Product_E,2022,Q4,34141.21,292,North America,1046.84,3,4.82,20.4,0
975,Product_D,2022,Q3,4273.84,335,North America,4249.45,1,6.81,16.23,0
976,Product_D,2016,Q3,14097.84,732,Africa,1221.67,4,8.59,39.08,1
977,Product_E,2018,Q2,40444.79,116,South America,1801.93,2,6.29,37.95,1
978,Product_B,2015,Q4,23253.41,825,South America,5518.51,1,7.63,23.93,1
979,Product_C,2016,Q3,27555.57,49,Europe,1729.53,5,7.65,2.23,0
980,Product_C,2015,Q2,21924.39,685,Asia,732.41,2,3.56,15.48,1
981,Product_C,2015,Q4,2673.05,82,Africa,3242.15,3,2.74,14.62,1
982,Product_D,2015,Q1,8704.61,834,Asia,2281.16,2,8.01,40.55,1
983,Product_D,2019,Q3,22554.31,333,Asia,5201.52,2,3.77,4.38,0
984,Product_B,2020,Q1,10854.68,557,Africa,1113.43,3,9.03,40.28,1
985,Product_C,2015,Q4,2973.96,335,South America,7542.53,3,0.7,33.46,0
986,Product_C,2019,Q3,42260.66,532,Africa,9071.71,2,0.58,36.62,0
987,Product_E,2018,Q4,49069.03,960,Asia,7460.01,3,9.27,21.61,1
988,Product_D,2016,Q1,39760.57,221,South America,5374.99,1,6.48,33.99,0
989,Product_C,2020,Q3,42762.35,635,North America,8620.61,3,3.8,30.45,1
990,Product_B,2021,Q1,12477.87,746,Africa,6979.69,3,7.55,38.45,1
991,Product_B,2016,Q4,48051.04,733,Africa,204.46,2,6.72,22.34,1
992,Product_C,2020,Q4,10247.82,323,South America,4001.49,1,5.31,23.64,1
993,Product_D,2021,Q1,47595.78,851,North America,8524.42,4,0.99,32.18,1
994,Product_B,2016,Q3,49743.56,3,North America,3524.0,4,8.12,5.4,0
995,Product_E,2020,Q1,35730.28,694,South America,448.63,5,8.66,21.81,1
996,Product_B,2016,Q4,49066.61,206,Europe,7487.18,3,1.72,48.6,0
997,Product_A,2016,Q1,28692.22,832,Africa,8040.18,3,8.51,1.88,1
998,Product_A,2021,Q4,13347.32,40,Africa,1689.88,1,8.78,15.8,1
999,Product_D,2016,Q1,22131.3,59,Asia,5419.67,4,5.49,15.71,1
1000,Product_C,2016,Q3,29881.27,951,South America,2000.36,5,6.56,31.67,0
